strategy,trend,breakout,mean_reversion
trend,1.0,0.8201896164734642,0.38714328192100145
breakout,0.8201896164734642,1.0,0.273619411564966
mean_reversion,0.38714328192100145,0.273619411564966,1.0
