factor,momentum,reversal,low_volatility
momentum,1.0,-0.40152786217505015,0.4570068984787231
reversal,-0.40152786217505015,1.0,-0.10123865370499228
low_volatility,0.4570068984787231,-0.10123865370499228,1.0
