case,final_equity,ann_return,ann_vol,max_drawdown,sharpe,calmar,direction_accuracy
proper_time_split_model,2.307208767407422,0.12625149928145496,0.1642169174821227,-0.22244984984797223,0.7688093359516336,0.5675503911004588,0.5067720090293454
leaky_future_return_feature,1837.9106106608233,1.9122370209895978,0.12119108613865043,-0.0006867168576190075,15.778693647500404,2784.6076585621154,0.9994356659142212
