metric,value
months,238.0
mean_rank_ic,-0.017091836734693878
rank_ic_std,0.39945000018435284
icir,-0.04278842590263039
positive_ic_rate,0.46938775510204084
average_top_bucket_turnover,0.3051020408163265
