factor,avg_beta_corr,avg_vol_corr
raw,0.08674337346096517,-0.09333142197844375
neutralized,-2.4097901525262186e-17,-7.281853201066485e-19
